time,equity,cash,unrealized_pnl
2025-08-11T19:06:28Z,1000.00000000,1000.00000000,0.00000000
2025-08-11T19:06:28Z,1000.00000000,1000.00000000,0.00000000
2025-08-11T19:06:28Z,1000.00000000,1000.00000000,0.00000000
2025-08-11T19:06:28Z,1000.00000000,1000.00000000,0.00000000
2025-08-11T19:06:28Z,1000.00000000,1000.00000000,0.00000000
2025-08-11T19:06:28Z,1000.00000000,1000.00000000,0.00000000
2025-08-11T19:06:30Z,1000.00000000,1000.00000000,0.00000000
2025-08-11T19:06:30Z,1000.00000000,1000.00000000,0.00000000
2025-08-11T19:06:30Z,1000.00000000,1000.00000000,0.00000000
2025-08-11T19:06:30Z,1000.00000000,1000.00000000,0.00000000
2025-08-11T19:06:30Z,1000.00000000,1000.00000000,0.00000000
2025-08-11T19:06:30Z,1000.00000000,1000.00000000,0.00000000
2025-08-11T19:06:32Z,1000.00000000,1000.00000000,0.00000000
2025-08-11T19:06:32Z,1000.00000000,1000.00000000,0.00000000
2025-08-11T19:06:32Z,1000.00000000,1000.00000000,0.00000000
2025-08-11T19:06:32Z,1000.00000000,1000.00000000,0.00000000
2025-08-11T19:06:32Z,1000.00000000,1000.00000000,0.00000000
2025-08-11T19:06:32Z,1000.00000000,1000.00000000,0.00000000
2025-08-11T19:06:34Z,1000.00000000,1000.00000000,0.00000000
2025-08-11T19:06:34Z,1000.00000000,1000.00000000,0.00000000
2025-08-11T19:06:34Z,1000.00000000,1000.00000000,0.00000000
2025-08-11T19:06:34Z,1000.00000000,1000.00000000,0.00000000
2025-08-11T19:06:34Z,1000.00000000,1000.00000000,0.00000000
2025-08-11T19:06:34Z,1000.00000000,1000.00000000,0.00000000
2025-08-11T19:06:36Z,1000.00000000,1000.00000000,0.00000000
2025-08-11T19:06:36Z,1000.00000000,1000.00000000,0.00000000
2025-08-11T19:06:36Z,1000.00000000,1000.00000000,0.00000000
2025-08-11T19:06:36Z,1000.00000000,1000.00000000,0.00000000
2025-08-11T19:06:36Z,1000.00000000,1000.00000000,0.00000000
2025-08-11T19:06:36Z,1000.00000000,1000.00000000,0.00000000
2025-08-11T19:06:38Z,1000.00000000,1000.00000000,0.00000000
2025-08-11T19:06:38Z,1000.00000000,1000.00000000,0.00000000
2025-08-11T19:06:38Z,1000.00000000,1000.00000000,0.00000000
2025-08-11T19:06:38Z,1000.00000000,1000.00000000,0.00000000
2025-08-11T19:06:38Z,1000.00000000,1000.00000000,0.00000000
2025-08-11T19:06:38Z,1000.00000000,1000.00000000,0.00000000
2025-08-11T19:06:40Z,1000.00000000,1000.00000000,0.00000000
2025-08-11T19:06:40Z,1000.00000000,1000.00000000,0.00000000
2025-08-11T19:06:40Z,1000.00000000,1000.00000000,0.00000000
2025-08-11T19:06:40Z,1000.00000000,1000.00000000,0.00000000
2025-08-11T19:06:40Z,1000.00000000,1000.00000000,0.00000000
2025-08-11T19:06:40Z,1000.00000000,1000.00000000,0.00000000
2025-08-11T19:06:42Z,1000.00000000,1000.00000000,0.00000000
2025-08-11T19:06:42Z,1000.00000000,1000.00000000,0.00000000
2025-08-11T19:06:42Z,1000.00000000,1000.00000000,0.00000000
2025-08-11T19:06:42Z,1000.00000000,1000.00000000,0.00000000
2025-08-11T19:06:42Z,1000.00000000,1000.00000000,0.00000000
2025-08-11T19:06:42Z,1000.00000000,1000.00000000,0.00000000
2025-08-11T19:06:44Z,1000.00000000,1000.00000000,0.00000000
2025-08-11T19:06:44Z,1000.00000000,1000.00000000,0.00000000
2025-08-11T19:06:44Z,1000.00000000,1000.00000000,0.00000000
2025-08-11T19:06:44Z,1000.00000000,1000.00000000,0.00000000
2025-08-11T19:06:44Z,1000.00000000,1000.00000000,0.00000000
2025-08-11T19:06:44Z,1000.00000000,1000.00000000,0.00000000
2025-08-11T19:06:46Z,1000.00000000,1000.00000000,0.00000000
2025-08-11T19:06:46Z,1000.00000000,1000.00000000,0.00000000
2025-08-11T19:06:46Z,1000.00000000,1000.00000000,0.00000000
2025-08-11T19:06:46Z,1000.00000000,1000.00000000,0.00000000
2025-08-11T19:06:46Z,1000.00000000,1000.00000000,0.00000000
2025-08-11T19:06:46Z,1000.00000000,1000.00000000,0.00000000
2025-08-11T19:06:48Z,1000.00000000,1000.00000000,0.00000000
2025-08-11T19:06:48Z,1000.00000000,1000.00000000,0.00000000
2025-08-11T19:06:48Z,1000.00000000,1000.00000000,0.00000000
2025-08-11T19:06:48Z,1000.00000000,1000.00000000,0.00000000
2025-08-11T19:06:48Z,1000.00000000,1000.00000000,0.00000000
2025-08-11T19:06:48Z,1000.00000000,1000.00000000,0.00000000
2025-08-11T19:06:50Z,1000.00000000,1000.00000000,0.00000000
2025-08-11T19:06:50Z,1000.00000000,1000.00000000,0.00000000
2025-08-11T19:06:50Z,1000.00000000,1000.00000000,0.00000000
2025-08-11T19:06:50Z,1000.00000000,1000.00000000,0.00000000
2025-08-11T19:06:50Z,1000.00000000,1000.00000000,0.00000000
2025-08-11T19:06:50Z,1000.00000000,1000.00000000,0.00000000
2025-08-11T19:06:52Z,1000.00000000,1000.00000000,0.00000000
2025-08-11T19:06:52Z,1000.00000000,1000.00000000,0.00000000
2025-08-11T19:06:52Z,1000.00000000,1000.00000000,0.00000000
2025-08-11T19:06:52Z,1000.00000000,1000.00000000,0.00000000
2025-08-11T19:06:52Z,1000.00000000,1000.00000000,0.00000000
2025-08-11T19:06:52Z,1000.00000000,1000.00000000,0.00000000
2025-08-11T19:06:54Z,1000.00000000,1000.00000000,0.00000000
2025-08-11T19:06:54Z,1000.00000000,1000.00000000,0.00000000
2025-08-11T19:06:54Z,1000.00000000,1000.00000000,0.00000000
2025-08-11T19:06:54Z,1000.00000000,1000.00000000,0.00000000
2025-08-11T19:06:54Z,1000.00000000,1000.00000000,0.00000000
2025-08-11T19:06:54Z,1000.00000000,1000.00000000,0.00000000
2025-08-11T19:06:56Z,1000.00000000,1000.00000000,0.00000000
2025-08-11T19:06:56Z,1000.00000000,1000.00000000,0.00000000
2025-08-11T19:06:56Z,1000.00000000,1000.00000000,0.00000000
2025-08-11T19:06:56Z,1000.00000000,1000.00000000,0.00000000
2025-08-11T19:06:56Z,1000.00000000,1000.00000000,0.00000000
2025-08-11T19:06:56Z,1000.00000000,1000.00000000,0.00000000
2025-08-11T19:06:58Z,1000.00000000,1000.00000000,0.00000000
2025-08-11T19:06:58Z,1000.00000000,1000.00000000,0.00000000
2025-08-11T19:06:58Z,1000.00000000,1000.00000000,0.00000000
2025-08-11T19:06:58Z,1000.00000000,1000.00000000,0.00000000
2025-08-11T19:06:58Z,1000.00000000,1000.00000000,0.00000000
2025-08-11T19:06:58Z,1000.00000000,1000.00000000,0.00000000
2025-08-11T19:07:00Z,1000.00000000,1000.00000000,0.00000000
2025-08-11T19:07:00Z,1000.00000000,1000.00000000,0.00000000
2025-08-11T19:07:00Z,1000.00000000,1000.00000000,0.00000000
2025-08-11T19:07:00Z,1000.00000000,1000.00000000,0.00000000
2025-08-11T19:07:00Z,1000.00000000,1000.00000000,0.00000000
2025-08-11T19:07:00Z,1000.00000000,1000.00000000,0.00000000
2025-08-11T19:07:02Z,1000.00000000,1000.00000000,0.00000000
2025-08-11T19:07:02Z,1000.00000000,1000.00000000,0.00000000
2025-08-11T19:07:02Z,1000.00000000,1000.00000000,0.00000000
2025-08-11T19:07:02Z,1000.00000000,1000.00000000,0.00000000
2025-08-11T19:07:02Z,1000.00000000,1000.00000000,0.00000000
2025-08-11T19:07:02Z,1000.00000000,1000.00000000,0.00000000
2025-08-11T19:07:04Z,1000.00000000,1000.00000000,0.00000000
2025-08-11T19:07:04Z,1000.00000000,1000.00000000,0.00000000
2025-08-11T19:07:04Z,1000.00000000,1000.00000000,0.00000000
2025-08-11T19:07:04Z,1000.00000000,1000.00000000,0.00000000
2025-08-11T19:07:04Z,1000.00000000,1000.00000000,0.00000000
2025-08-11T19:07:04Z,1000.00000000,1000.00000000,0.00000000
2025-08-11T19:07:06Z,1000.00000000,1000.00000000,0.00000000
2025-08-11T19:07:06Z,1000.00000000,1000.00000000,0.00000000
2025-08-11T19:07:06Z,1000.00000000,1000.00000000,0.00000000
2025-08-11T19:07:06Z,1000.00000000,1000.00000000,0.00000000
2025-08-11T19:07:06Z,1000.00000000,1000.00000000,0.00000000
2025-08-11T19:07:06Z,1000.00000000,1000.00000000,0.00000000
2025-08-11T19:07:08Z,1000.00000000,1000.00000000,0.00000000
2025-08-11T19:07:08Z,1000.00000000,1000.00000000,0.00000000
2025-08-11T19:07:08Z,1000.00000000,1000.00000000,0.00000000
2025-08-11T19:07:08Z,1000.00000000,1000.00000000,0.00000000
2025-08-11T19:07:08Z,1000.00000000,1000.00000000,0.00000000
2025-08-11T19:07:08Z,1000.00000000,1000.00000000,0.00000000
2025-08-11T19:07:10Z,1000.00000000,1000.00000000,0.00000000
2025-08-11T19:07:10Z,1000.00000000,1000.00000000,0.00000000
2025-08-11T19:07:10Z,1000.00000000,1000.00000000,0.00000000
2025-08-11T19:07:10Z,1000.00000000,1000.00000000,0.00000000
2025-08-11T19:07:10Z,1000.00000000,1000.00000000,0.00000000
2025-08-11T19:07:10Z,1000.00000000,1000.00000000,0.00000000
2025-08-11T19:07:12Z,1000.00000000,1000.00000000,0.00000000
2025-08-11T19:07:12Z,1000.00000000,1000.00000000,0.00000000
2025-08-11T19:07:12Z,1000.00000000,1000.00000000,0.00000000
2025-08-11T19:07:12Z,1000.00000000,1000.00000000,0.00000000
2025-08-11T19:07:12Z,1000.00000000,1000.00000000,0.00000000
2025-08-11T19:07:12Z,1000.00000000,1000.00000000,0.00000000
2025-08-11T19:07:14Z,1000.00000000,1000.00000000,0.00000000
2025-08-11T19:07:14Z,1000.00000000,1000.00000000,0.00000000
2025-08-11T19:07:14Z,1000.00000000,1000.00000000,0.00000000
2025-08-11T19:07:14Z,1000.00000000,1000.00000000,0.00000000
2025-08-11T19:07:16Z,1000.00000000,1000.00000000,0.00000000
2025-08-11T19:07:16Z,1000.00000000,1000.00000000,0.00000000
2025-08-11T19:07:16Z,1000.00000000,1000.00000000,0.00000000
2025-08-11T19:07:16Z,1000.00000000,1000.00000000,0.00000000
2025-08-11T19:07:16Z,1000.00000000,1000.00000000,0.00000000
2025-08-11T19:07:16Z,1000.00000000,1000.00000000,0.00000000
2025-08-11T19:07:18Z,1000.00000000,1000.00000000,0.00000000
2025-08-11T19:07:18Z,1000.00000000,1000.00000000,0.00000000
2025-08-11T19:07:18Z,1000.00000000,1000.00000000,0.00000000
2025-08-11T19:07:18Z,1000.00000000,1000.00000000,0.00000000
2025-08-11T19:07:20Z,1000.00000000,1000.00000000,0.00000000
2025-08-11T19:07:20Z,1000.00000000,1000.00000000,0.00000000
2025-08-11T19:07:20Z,1000.00000000,1000.00000000,0.00000000
2025-08-11T19:07:20Z,1000.00000000,1000.00000000,0.00000000
2025-08-11T19:07:22Z,1000.00000000,1000.00000000,0.00000000
2025-08-11T19:07:22Z,1000.00000000,1000.00000000,0.00000000
2025-08-11T19:07:22Z,1000.00000000,1000.00000000,0.00000000
2025-08-11T19:07:22Z,1000.00000000,1000.00000000,0.00000000
2025-08-11T19:07:22Z,1000.00000000,1000.00000000,0.00000000
2025-08-11T19:07:22Z,1000.00000000,1000.00000000,0.00000000
2025-08-11T19:07:24Z,1000.00000000,1000.00000000,0.00000000
2025-08-11T19:07:24Z,1000.00000000,1000.00000000,0.00000000
2025-08-11T19:07:24Z,1000.00000000,1000.00000000,0.00000000
2025-08-11T19:07:24Z,1000.00000000,1000.00000000,0.00000000
2025-08-11T19:07:24Z,1000.00000000,1000.00000000,0.00000000
2025-08-11T19:07:24Z,1000.00000000,1000.00000000,0.00000000
2025-08-11T19:07:26Z,1000.00000000,1000.00000000,0.00000000
2025-08-11T19:07:26Z,1000.00000000,1000.00000000,0.00000000
2025-08-11T19:07:26Z,1000.00000000,1000.00000000,0.00000000
2025-08-11T19:07:26Z,1000.00000000,1000.00000000,0.00000000
2025-08-11T19:07:26Z,1000.00000000,1000.00000000,0.00000000
2025-08-11T19:07:26Z,1000.00000000,1000.00000000,0.00000000
2025-08-11T19:07:28Z,1000.00000000,1000.00000000,0.00000000
2025-08-11T19:07:28Z,1000.00000000,1000.00000000,0.00000000
2025-08-11T19:07:28Z,1000.00000000,1000.00000000,0.00000000
2025-08-11T19:07:28Z,1000.00000000,1000.00000000,0.00000000
2025-08-11T19:07:28Z,1000.00000000,1000.00000000,0.00000000
2025-08-11T19:07:28Z,1000.00000000,1000.00000000,0.00000000
2025-08-11T19:07:30Z,1000.00000000,1000.00000000,0.00000000
2025-08-11T19:07:30Z,1000.00000000,1000.00000000,0.00000000
2025-08-11T19:07:30Z,1000.00000000,1000.00000000,0.00000000
2025-08-11T19:07:30Z,1000.00000000,1000.00000000,0.00000000
2025-08-11T19:07:30Z,1000.00000000,1000.00000000,0.00000000
2025-08-11T19:07:30Z,1000.00000000,1000.00000000,0.00000000
2025-08-11T19:07:32Z,1000.00000000,1000.00000000,0.00000000
2025-08-11T19:07:32Z,1000.00000000,1000.00000000,0.00000000
2025-08-11T19:07:32Z,1000.00000000,1000.00000000,0.00000000
2025-08-11T19:07:32Z,1000.00000000,1000.00000000,0.00000000
2025-08-11T19:07:32Z,1000.00000000,1000.00000000,0.00000000
2025-08-11T19:07:32Z,1000.00000000,1000.00000000,0.00000000
2025-08-11T19:07:34Z,1000.00000000,1000.00000000,0.00000000
2025-08-11T19:07:34Z,1000.00000000,1000.00000000,0.00000000
2025-08-11T19:07:34Z,1000.00000000,1000.00000000,0.00000000
2025-08-11T19:07:34Z,1000.00000000,1000.00000000,0.00000000
2025-08-11T19:07:34Z,1000.00000000,1000.00000000,0.00000000
2025-08-11T19:07:34Z,1000.00000000,1000.00000000,0.00000000
2025-08-11T19:07:36Z,1000.00000000,1000.00000000,0.00000000
2025-08-11T19:07:36Z,1000.00000000,1000.00000000,0.00000000
2025-08-11T19:07:36Z,1000.00000000,1000.00000000,0.00000000
2025-08-11T19:07:36Z,1000.00000000,1000.00000000,0.00000000
2025-08-11T19:07:36Z,1000.00000000,1000.00000000,0.00000000
2025-08-11T19:07:36Z,1000.00000000,1000.00000000,0.00000000
2025-08-11T19:07:38Z,1000.00000000,1000.00000000,0.00000000
2025-08-11T19:07:38Z,1000.00000000,1000.00000000,0.00000000
2025-08-11T19:07:38Z,1000.00000000,1000.00000000,0.00000000
2025-08-11T19:07:38Z,1000.00000000,1000.00000000,0.00000000
2025-08-11T19:07:38Z,1000.00000000,1000.00000000,0.00000000
2025-08-11T19:07:38Z,1000.00000000,1000.00000000,0.00000000
2025-08-11T19:07:40Z,1000.00000000,1000.00000000,0.00000000
2025-08-11T19:07:40Z,1000.00000000,1000.00000000,0.00000000
2025-08-11T19:07:40Z,1000.00000000,1000.00000000,0.00000000
2025-08-11T19:07:40Z,1000.00000000,1000.00000000,0.00000000
2025-08-11T19:07:40Z,1000.00000000,1000.00000000,0.00000000
2025-08-11T19:07:40Z,1000.00000000,1000.00000000,0.00000000
2025-08-11T19:07:42Z,1000.00000000,1000.00000000,0.00000000
2025-08-11T19:07:42Z,1000.00000000,1000.00000000,0.00000000
2025-08-11T19:07:42Z,1000.00000000,1000.00000000,0.00000000
2025-08-11T19:07:42Z,1000.00000000,1000.00000000,0.00000000
2025-08-11T19:07:42Z,1000.00000000,1000.00000000,0.00000000
2025-08-11T19:07:42Z,1000.00000000,1000.00000000,0.00000000
2025-08-11T19:07:44Z,1000.00000000,1000.00000000,0.00000000
2025-08-11T19:07:44Z,1000.00000000,1000.00000000,0.00000000
2025-08-11T19:07:44Z,1000.00000000,1000.00000000,0.00000000
2025-08-11T19:07:44Z,1000.00000000,1000.00000000,0.00000000
2025-08-11T19:07:44Z,1000.00000000,1000.00000000,0.00000000
2025-08-11T19:07:44Z,1000.00000000,1000.00000000,0.00000000
2025-08-11T19:07:46Z,1000.00000000,1000.00000000,0.00000000
2025-08-11T19:07:46Z,1000.00000000,1000.00000000,0.00000000
2025-08-11T19:07:46Z,1000.00000000,1000.00000000,0.00000000
2025-08-11T19:07:46Z,1000.00000000,1000.00000000,0.00000000
2025-08-11T19:07:48Z,1000.00000000,1000.00000000,0.00000000
2025-08-11T19:07:48Z,1000.00000000,1000.00000000,0.00000000
2025-08-11T19:07:48Z,1000.00000000,1000.00000000,0.00000000
2025-08-11T19:07:48Z,1000.00000000,1000.00000000,0.00000000
2025-08-11T19:07:48Z,1000.00000000,1000.00000000,0.00000000
2025-08-11T19:07:48Z,1000.00000000,1000.00000000,0.00000000
2025-08-11T19:07:50Z,1000.00000000,1000.00000000,0.00000000
2025-08-11T19:07:50Z,1000.00000000,1000.00000000,0.00000000
2025-08-11T19:07:50Z,1000.00000000,1000.00000000,0.00000000
2025-08-11T19:07:50Z,1000.00000000,1000.00000000,0.00000000
2025-08-11T19:07:50Z,1000.00000000,1000.00000000,0.00000000
2025-08-11T19:07:50Z,1000.00000000,1000.00000000,0.00000000
2025-08-11T19:07:52Z,1000.00000000,1000.00000000,0.00000000
2025-08-11T19:07:52Z,1000.00000000,1000.00000000,0.00000000
2025-08-11T19:07:52Z,1000.00000000,1000.00000000,0.00000000
2025-08-11T19:07:52Z,1000.00000000,1000.00000000,0.00000000
2025-08-11T19:07:52Z,1000.00000000,1000.00000000,0.00000000
2025-08-11T19:07:52Z,1000.00000000,1000.00000000,0.00000000
2025-08-11T19:07:54Z,1000.00000000,1000.00000000,0.00000000
2025-08-11T19:07:54Z,1000.00000000,1000.00000000,0.00000000
2025-08-11T19:07:54Z,1000.00000000,1000.00000000,0.00000000
2025-08-11T19:07:54Z,1000.00000000,1000.00000000,0.00000000
2025-08-11T19:07:54Z,1000.00000000,1000.00000000,0.00000000
2025-08-11T19:07:54Z,1000.00000000,1000.00000000,0.00000000
2025-08-11T19:07:56Z,1000.00000000,1000.00000000,0.00000000
2025-08-11T19:07:56Z,1000.00000000,1000.00000000,0.00000000
2025-08-11T19:07:56Z,1000.00000000,1000.00000000,0.00000000
2025-08-11T19:07:56Z,1000.00000000,1000.00000000,0.00000000
2025-08-11T19:07:56Z,1000.00000000,1000.00000000,0.00000000
2025-08-11T19:07:56Z,1000.00000000,1000.00000000,0.00000000
2025-08-11T19:07:58Z,1000.00000000,1000.00000000,0.00000000
2025-08-11T19:07:58Z,1000.00000000,1000.00000000,0.00000000
2025-08-11T19:07:58Z,1000.00000000,1000.00000000,0.00000000
2025-08-11T19:07:58Z,1000.00000000,1000.00000000,0.00000000
2025-08-11T19:07:58Z,1000.00000000,1000.00000000,0.00000000
2025-08-11T19:07:58Z,1000.00000000,1000.00000000,0.00000000
2025-08-11T19:08:00Z,1000.00000000,1000.00000000,0.00000000
2025-08-11T19:08:00Z,1000.00000000,1000.00000000,0.00000000
2025-08-11T19:08:00Z,1000.00000000,1000.00000000,0.00000000
2025-08-11T19:08:00Z,1000.00000000,1000.00000000,0.00000000
2025-08-11T19:08:00Z,1000.00000000,1000.00000000,0.00000000
2025-08-11T19:08:00Z,1000.00000000,1000.00000000,0.00000000
2025-08-11T19:08:02Z,1000.00000000,1000.00000000,0.00000000
2025-08-11T19:08:02Z,1000.00000000,1000.00000000,0.00000000
2025-08-11T19:08:02Z,1000.00000000,1000.00000000,0.00000000
2025-08-11T19:08:02Z,1000.00000000,1000.00000000,0.00000000
2025-08-11T19:08:02Z,1000.00000000,1000.00000000,0.00000000
2025-08-11T19:08:02Z,1000.00000000,1000.00000000,0.00000000
2025-08-11T19:08:04Z,1000.00000000,1000.00000000,0.00000000
2025-08-11T19:08:04Z,1000.00000000,1000.00000000,0.00000000
2025-08-11T19:08:04Z,1000.00000000,1000.00000000,0.00000000
2025-08-11T19:08:04Z,1000.00000000,1000.00000000,0.00000000
2025-08-11T19:08:04Z,1000.00000000,1000.00000000,0.00000000
2025-08-11T19:08:04Z,1000.00000000,1000.00000000,0.00000000
2025-08-11T19:08:06Z,1000.00000000,1000.00000000,0.00000000
2025-08-11T19:08:06Z,1000.00000000,1000.00000000,0.00000000
2025-08-11T19:08:06Z,1000.00000000,1000.00000000,0.00000000
2025-08-11T19:08:06Z,1000.00000000,1000.00000000,0.00000000
2025-08-11T19:08:06Z,1000.00000000,1000.00000000,0.00000000
2025-08-11T19:08:06Z,1000.00000000,1000.00000000,0.00000000
2025-08-11T19:08:08Z,1000.00000000,1000.00000000,0.00000000
2025-08-11T19:08:08Z,1000.00000000,1000.00000000,0.00000000
2025-08-11T19:08:08Z,1000.00000000,1000.00000000,0.00000000
2025-08-11T19:08:08Z,1000.00000000,1000.00000000,0.00000000
2025-08-11T19:08:08Z,1000.00000000,1000.00000000,0.00000000
2025-08-11T19:08:08Z,1000.00000000,1000.00000000,0.00000000
2025-08-11T19:08:10Z,1000.00000000,1000.00000000,0.00000000
2025-08-11T19:08:10Z,1000.00000000,1000.00000000,0.00000000
2025-08-11T19:08:10Z,1000.00000000,1000.00000000,0.00000000
2025-08-11T19:08:10Z,1000.00000000,1000.00000000,0.00000000
2025-08-11T19:08:10Z,1000.00000000,1000.00000000,0.00000000
2025-08-11T19:08:10Z,1000.00000000,1000.00000000,0.00000000
2025-08-11T19:08:12Z,1000.00000000,1000.00000000,0.00000000
2025-08-11T19:08:12Z,1000.00000000,1000.00000000,0.00000000
2025-08-11T19:08:12Z,1000.00000000,1000.00000000,0.00000000
2025-08-11T19:08:12Z,1000.00000000,1000.00000000,0.00000000
2025-08-11T19:08:12Z,1000.00000000,1000.00000000,0.00000000
2025-08-11T19:08:12Z,1000.00000000,1000.00000000,0.00000000
2025-08-11T19:08:14Z,1000.00000000,1000.00000000,0.00000000
2025-08-11T19:08:14Z,1000.00000000,1000.00000000,0.00000000
2025-08-11T19:08:14Z,1000.00000000,1000.00000000,0.00000000
2025-08-11T19:08:14Z,1000.00000000,1000.00000000,0.00000000
2025-08-11T19:08:14Z,1000.00000000,1000.00000000,0.00000000
2025-08-11T19:08:14Z,1000.00000000,1000.00000000,0.00000000
2025-08-11T19:08:16Z,1000.00000000,1000.00000000,0.00000000
2025-08-11T19:08:16Z,1000.00000000,1000.00000000,0.00000000
2025-08-11T19:08:16Z,1000.00000000,1000.00000000,0.00000000
2025-08-11T19:08:16Z,1000.00000000,1000.00000000,0.00000000
2025-08-11T19:08:18Z,1000.00000000,1000.00000000,0.00000000
2025-08-11T19:08:18Z,1000.00000000,1000.00000000,0.00000000
2025-08-11T19:08:18Z,1000.00000000,1000.00000000,0.00000000
2025-08-11T19:08:18Z,1000.00000000,1000.00000000,0.00000000
2025-08-11T19:08:20Z,1000.00000000,1000.00000000,0.00000000
2025-08-11T19:08:20Z,1000.00000000,1000.00000000,0.00000000
2025-08-11T19:08:20Z,1000.00000000,1000.00000000,0.00000000
2025-08-11T19:08:20Z,1000.00000000,1000.00000000,0.00000000
2025-08-11T19:08:20Z,1000.00000000,1000.00000000,0.00000000
2025-08-11T19:08:20Z,1000.00000000,1000.00000000,0.00000000
2025-08-11T19:08:22Z,1000.00000000,1000.00000000,0.00000000
2025-08-11T19:08:22Z,1000.00000000,1000.00000000,0.00000000
2025-08-11T19:08:22Z,1000.00000000,1000.00000000,0.00000000
2025-08-11T19:08:22Z,1000.00000000,1000.00000000,0.00000000
2025-08-11T19:08:22Z,1000.00000000,1000.00000000,0.00000000
2025-08-11T19:08:22Z,1000.00000000,1000.00000000,0.00000000
2025-08-11T19:08:24Z,1000.00000000,1000.00000000,0.00000000
2025-08-11T19:08:24Z,1000.00000000,1000.00000000,0.00000000
2025-08-11T19:08:24Z,1000.00000000,1000.00000000,0.00000000
2025-08-11T19:08:24Z,1000.00000000,1000.00000000,0.00000000
2025-08-11T19:08:24Z,1000.00000000,1000.00000000,0.00000000
2025-08-11T19:08:24Z,1000.00000000,1000.00000000,0.00000000
2025-08-11T19:08:26Z,1000.00000000,1000.00000000,0.00000000
2025-08-11T19:08:26Z,1000.00000000,1000.00000000,0.00000000
2025-08-11T19:08:26Z,1000.00000000,1000.00000000,0.00000000
2025-08-11T19:08:26Z,1000.00000000,1000.00000000,0.00000000
2025-08-11T19:08:26Z,1000.00000000,1000.00000000,0.00000000
2025-08-11T19:08:26Z,1000.00000000,1000.00000000,0.00000000
2025-08-11T19:08:28Z,1000.00000000,1000.00000000,0.00000000
2025-08-11T19:08:28Z,1000.00000000,1000.00000000,0.00000000
2025-08-11T19:08:28Z,1000.00000000,1000.00000000,0.00000000
2025-08-11T19:08:28Z,1000.00000000,1000.00000000,0.00000000
2025-08-11T19:08:28Z,1000.00000000,1000.00000000,0.00000000
2025-08-11T19:08:28Z,1000.00000000,1000.00000000,0.00000000
2025-08-11T19:08:30Z,1000.00000000,1000.00000000,0.00000000
2025-08-11T19:08:30Z,1000.00000000,1000.00000000,0.00000000
2025-08-11T19:08:30Z,1000.00000000,1000.00000000,0.00000000
2025-08-11T19:08:30Z,1000.00000000,1000.00000000,0.00000000
2025-08-11T19:08:30Z,1000.00000000,1000.00000000,0.00000000
2025-08-11T19:08:30Z,1000.00000000,1000.00000000,0.00000000
2025-08-11T19:08:32Z,1000.00000000,1000.00000000,0.00000000
2025-08-11T19:08:32Z,1000.00000000,1000.00000000,0.00000000
2025-08-11T19:08:32Z,1000.00000000,1000.00000000,0.00000000
2025-08-11T19:08:32Z,1000.00000000,1000.00000000,0.00000000
2025-08-11T19:08:32Z,1000.00000000,1000.00000000,0.00000000
2025-08-11T19:08:32Z,1000.00000000,1000.00000000,0.00000000
2025-08-11T19:08:34Z,1000.00000000,1000.00000000,0.00000000
2025-08-11T19:08:34Z,1000.00000000,1000.00000000,0.00000000
2025-08-11T19:08:34Z,1000.00000000,1000.00000000,0.00000000
2025-08-11T19:08:34Z,1000.00000000,1000.00000000,0.00000000
2025-08-11T19:08:34Z,1000.00000000,1000.00000000,0.00000000
2025-08-11T19:08:34Z,1000.00000000,1000.00000000,0.00000000
2025-08-11T19:08:36Z,1000.00000000,1000.00000000,0.00000000
2025-08-11T19:08:36Z,1000.00000000,1000.00000000,0.00000000
2025-08-11T19:08:36Z,1000.00000000,1000.00000000,0.00000000
2025-08-11T19:08:36Z,1000.00000000,1000.00000000,0.00000000
2025-08-11T19:08:36Z,1000.00000000,1000.00000000,0.00000000
2025-08-11T19:08:36Z,1000.00000000,1000.00000000,0.00000000
2025-08-11T19:08:38Z,1000.00000000,1000.00000000,0.00000000
2025-08-11T19:08:38Z,1000.00000000,1000.00000000,0.00000000
2025-08-11T19:08:38Z,1000.00000000,1000.00000000,0.00000000
2025-08-11T19:08:38Z,1000.00000000,1000.00000000,0.00000000
2025-08-11T19:08:38Z,1000.00000000,1000.00000000,0.00000000
2025-08-11T19:08:38Z,1000.00000000,1000.00000000,0.00000000
2025-08-11T19:08:40Z,1000.00000000,1000.00000000,0.00000000
2025-08-11T19:08:40Z,1000.00000000,1000.00000000,0.00000000
2025-08-11T19:08:40Z,1000.00000000,1000.00000000,0.00000000
2025-08-11T19:08:40Z,1000.00000000,1000.00000000,0.00000000
2025-08-11T19:08:40Z,1000.00000000,1000.00000000,0.00000000
2025-08-11T19:08:40Z,1000.00000000,1000.00000000,0.00000000
2025-08-11T19:08:42Z,1000.00000000,1000.00000000,0.00000000
2025-08-11T19:08:42Z,1000.00000000,1000.00000000,0.00000000
2025-08-11T19:08:42Z,1000.00000000,1000.00000000,0.00000000
2025-08-11T19:08:42Z,1000.00000000,1000.00000000,0.00000000
2025-08-11T19:08:42Z,1000.00000000,1000.00000000,0.00000000
2025-08-11T19:08:42Z,1000.00000000,1000.00000000,0.00000000
2025-08-11T19:08:44Z,1000.00000000,1000.00000000,0.00000000
2025-08-11T19:08:44Z,1000.00000000,1000.00000000,0.00000000
2025-08-11T19:08:44Z,1000.00000000,1000.00000000,0.00000000
2025-08-11T19:08:44Z,1000.00000000,1000.00000000,0.00000000
2025-08-11T19:08:44Z,1000.00000000,1000.00000000,0.00000000
2025-08-11T19:08:44Z,1000.00000000,1000.00000000,0.00000000
2025-08-11T19:08:46Z,1000.00000000,1000.00000000,0.00000000
2025-08-11T19:08:46Z,1000.00000000,1000.00000000,0.00000000
2025-08-11T19:08:46Z,1000.00000000,1000.00000000,0.00000000
2025-08-11T19:08:46Z,1000.00000000,1000.00000000,0.00000000
2025-08-11T19:08:46Z,1000.00000000,1000.00000000,0.00000000
2025-08-11T19:08:46Z,1000.00000000,1000.00000000,0.00000000
2025-08-11T19:08:48Z,1000.00000000,1000.00000000,0.00000000
2025-08-11T19:08:48Z,1000.00000000,1000.00000000,0.00000000
2025-08-11T19:08:48Z,1000.00000000,1000.00000000,0.00000000
2025-08-11T19:08:48Z,1000.00000000,1000.00000000,0.00000000
2025-08-11T19:08:48Z,1000.00000000,1000.00000000,0.00000000
2025-08-11T19:08:48Z,1000.00000000,1000.00000000,0.00000000
2025-08-11T19:08:50Z,1000.00000000,1000.00000000,0.00000000
2025-08-11T19:08:50Z,1000.00000000,1000.00000000,0.00000000
2025-08-11T19:08:50Z,1000.00000000,1000.00000000,0.00000000
2025-08-11T19:08:50Z,1000.00000000,1000.00000000,0.00000000
2025-08-11T19:08:50Z,1000.00000000,1000.00000000,0.00000000
2025-08-11T19:08:50Z,1000.00000000,1000.00000000,0.00000000
2025-08-11T19:08:52Z,1000.00000000,1000.00000000,0.00000000
2025-08-11T19:08:52Z,1000.00000000,1000.00000000,0.00000000
2025-08-11T19:08:52Z,1000.00000000,1000.00000000,0.00000000
2025-08-11T19:08:52Z,1000.00000000,1000.00000000,0.00000000
2025-08-11T19:08:52Z,1000.00000000,1000.00000000,0.00000000
2025-08-11T19:08:52Z,1000.00000000,1000.00000000,0.00000000
2025-08-11T19:08:54Z,1000.00000000,1000.00000000,0.00000000
2025-08-11T19:08:54Z,1000.00000000,1000.00000000,0.00000000
2025-08-11T19:08:54Z,1000.00000000,1000.00000000,0.00000000
2025-08-11T19:08:54Z,1000.00000000,1000.00000000,0.00000000
2025-08-11T19:08:54Z,1000.00000000,1000.00000000,0.00000000
2025-08-11T19:08:54Z,1000.00000000,1000.00000000,0.00000000
2025-08-11T19:08:56Z,1000.00000000,1000.00000000,0.00000000
2025-08-11T19:08:56Z,1000.00000000,1000.00000000,0.00000000
2025-08-11T19:08:56Z,1000.00000000,1000.00000000,0.00000000
2025-08-11T19:08:56Z,1000.00000000,1000.00000000,0.00000000
2025-08-11T19:08:56Z,1000.00000000,1000.00000000,0.00000000
2025-08-11T19:08:56Z,1000.00000000,1000.00000000,0.00000000
2025-08-11T19:08:58Z,1000.00000000,1000.00000000,0.00000000
2025-08-11T19:08:58Z,1000.00000000,1000.00000000,0.00000000
2025-08-11T19:08:58Z,1000.00000000,1000.00000000,0.00000000
2025-08-11T19:08:58Z,1000.00000000,1000.00000000,0.00000000
2025-08-11T19:08:58Z,1000.00000000,1000.00000000,0.00000000
2025-08-11T19:08:58Z,1000.00000000,1000.00000000,0.00000000
2025-08-11T19:09:00Z,1000.00000000,1000.00000000,0.00000000
2025-08-11T19:09:00Z,1000.00000000,1000.00000000,0.00000000
2025-08-11T19:09:00Z,1000.00000000,1000.00000000,0.00000000
2025-08-11T19:09:00Z,1000.00000000,1000.00000000,0.00000000
2025-08-11T19:09:00Z,1000.00000000,1000.00000000,0.00000000
2025-08-11T19:09:00Z,1000.00000000,1000.00000000,0.00000000
2025-08-11T19:09:02Z,1000.00000000,1000.00000000,0.00000000
2025-08-11T19:09:02Z,1000.00000000,1000.00000000,0.00000000
2025-08-11T19:09:02Z,1000.00000000,1000.00000000,0.00000000
2025-08-11T19:09:02Z,1000.00000000,1000.00000000,0.00000000
2025-08-11T19:09:02Z,1000.00000000,1000.00000000,0.00000000
2025-08-11T19:09:02Z,1000.00000000,1000.00000000,0.00000000
2025-08-11T19:09:04Z,1000.00000000,1000.00000000,0.00000000
2025-08-11T19:09:04Z,1000.00000000,1000.00000000,0.00000000
2025-08-11T19:09:04Z,1000.00000000,1000.00000000,0.00000000
2025-08-11T19:09:04Z,1000.00000000,1000.00000000,0.00000000
2025-08-11T19:09:04Z,1000.00000000,1000.00000000,0.00000000
2025-08-11T19:09:04Z,1000.00000000,1000.00000000,0.00000000
2025-08-11T19:09:06Z,1000.00000000,1000.00000000,0.00000000
2025-08-11T19:09:06Z,1000.00000000,1000.00000000,0.00000000
2025-08-11T19:09:06Z,1000.00000000,1000.00000000,0.00000000
2025-08-11T19:09:06Z,1000.00000000,1000.00000000,0.00000000
2025-08-11T19:09:06Z,1000.00000000,1000.00000000,0.00000000
2025-08-11T19:09:06Z,1000.00000000,1000.00000000,0.00000000
2025-08-11T19:09:08Z,1000.00000000,1000.00000000,0.00000000
2025-08-11T19:09:08Z,1000.00000000,1000.00000000,0.00000000
2025-08-11T19:09:08Z,1000.00000000,1000.00000000,0.00000000
2025-08-11T19:09:08Z,1000.00000000,1000.00000000,0.00000000
2025-08-11T19:09:08Z,1000.00000000,1000.00000000,0.00000000
2025-08-11T19:09:08Z,1000.00000000,1000.00000000,0.00000000
2025-08-11T19:09:10Z,1000.00000000,1000.00000000,0.00000000
2025-08-11T19:09:10Z,1000.00000000,1000.00000000,0.00000000
2025-08-11T19:09:10Z,1000.00000000,1000.00000000,0.00000000
2025-08-11T19:09:10Z,1000.00000000,1000.00000000,0.00000000
2025-08-11T19:09:10Z,1000.00000000,1000.00000000,0.00000000
2025-08-11T19:09:10Z,1000.00000000,1000.00000000,0.00000000
2025-08-11T19:09:12Z,1000.00000000,1000.00000000,0.00000000
2025-08-11T19:09:12Z,1000.00000000,1000.00000000,0.00000000
2025-08-11T19:09:12Z,1000.00000000,1000.00000000,0.00000000
2025-08-11T19:09:12Z,1000.00000000,1000.00000000,0.00000000
2025-08-11T19:09:12Z,1000.00000000,1000.00000000,0.00000000
2025-08-11T19:09:12Z,1000.00000000,1000.00000000,0.00000000
2025-08-11T19:09:14Z,1000.00000000,1000.00000000,0.00000000
2025-08-11T19:09:14Z,1000.00000000,1000.00000000,0.00000000
2025-08-11T19:09:14Z,1000.00000000,1000.00000000,0.00000000
2025-08-11T19:09:14Z,1000.00000000,1000.00000000,0.00000000
2025-08-11T19:09:14Z,1000.00000000,1000.00000000,0.00000000
2025-08-11T19:09:14Z,1000.00000000,1000.00000000,0.00000000
2025-08-11T19:09:16Z,1000.00000000,1000.00000000,0.00000000
2025-08-11T19:09:16Z,1000.00000000,1000.00000000,0.00000000
2025-08-11T19:09:16Z,1000.00000000,1000.00000000,0.00000000
2025-08-11T19:09:16Z,1000.00000000,1000.00000000,0.00000000
2025-08-11T19:09:16Z,1000.00000000,1000.00000000,0.00000000
2025-08-11T19:09:16Z,1000.00000000,1000.00000000,0.00000000
2025-08-11T19:09:18Z,1000.00000000,1000.00000000,0.00000000
2025-08-11T19:09:18Z,1000.00000000,1000.00000000,0.00000000
2025-08-11T19:09:18Z,1000.00000000,1000.00000000,0.00000000
2025-08-11T19:09:18Z,1000.00000000,1000.00000000,0.00000000
2025-08-11T19:09:18Z,1000.00000000,1000.00000000,0.00000000
2025-08-11T19:09:18Z,1000.00000000,1000.00000000,0.00000000
2025-08-11T19:09:20Z,1000.00000000,1000.00000000,0.00000000
2025-08-11T19:09:20Z,1000.00000000,1000.00000000,0.00000000
2025-08-11T19:09:20Z,1000.00000000,1000.00000000,0.00000000
2025-08-11T19:09:20Z,1000.00000000,1000.00000000,0.00000000
2025-08-11T19:09:22Z,1000.00000000,1000.00000000,0.00000000
2025-08-11T19:09:22Z,1000.00000000,1000.00000000,0.00000000
2025-08-11T19:09:22Z,1000.00000000,1000.00000000,0.00000000
2025-08-11T19:09:22Z,1000.00000000,1000.00000000,0.00000000
2025-08-11T19:09:22Z,1000.00000000,1000.00000000,0.00000000
2025-08-11T19:09:22Z,1000.00000000,1000.00000000,0.00000000
2025-08-11T19:09:24Z,1000.00000000,1000.00000000,0.00000000
2025-08-11T19:09:24Z,1000.00000000,1000.00000000,0.00000000
2025-08-11T19:09:24Z,1000.00000000,1000.00000000,0.00000000
2025-08-11T19:09:24Z,1000.00000000,1000.00000000,0.00000000
2025-08-11T19:09:24Z,1000.00000000,1000.00000000,0.00000000
2025-08-11T19:09:24Z,1000.00000000,1000.00000000,0.00000000
2025-08-11T19:09:26Z,1000.00000000,1000.00000000,0.00000000
2025-08-11T19:09:26Z,1000.00000000,1000.00000000,0.00000000
2025-08-11T19:09:26Z,1000.00000000,1000.00000000,0.00000000
2025-08-11T19:09:26Z,1000.00000000,1000.00000000,0.00000000
2025-08-11T19:09:26Z,1000.00000000,1000.00000000,0.00000000
2025-08-11T19:09:26Z,1000.00000000,1000.00000000,0.00000000
2025-08-11T19:09:28Z,1000.00000000,1000.00000000,0.00000000
2025-08-11T19:09:28Z,1000.00000000,1000.00000000,0.00000000
2025-08-11T19:09:28Z,1000.00000000,1000.00000000,0.00000000
2025-08-11T19:09:28Z,1000.00000000,1000.00000000,0.00000000
2025-08-11T19:09:28Z,1000.00000000,1000.00000000,0.00000000
2025-08-11T19:09:28Z,1000.00000000,1000.00000000,0.00000000
2025-08-11T19:09:30Z,1000.00000000,1000.00000000,0.00000000
2025-08-11T19:09:30Z,1000.00000000,1000.00000000,0.00000000
2025-08-11T19:09:30Z,1000.00000000,1000.00000000,0.00000000
2025-08-11T19:09:30Z,1000.00000000,1000.00000000,0.00000000
2025-08-11T19:09:32Z,1000.00000000,1000.00000000,0.00000000
2025-08-11T19:09:32Z,1000.00000000,1000.00000000,0.00000000
2025-08-11T19:09:32Z,1000.00000000,1000.00000000,0.00000000
2025-08-11T19:09:32Z,1000.00000000,1000.00000000,0.00000000
2025-08-11T19:09:34Z,1000.00000000,1000.00000000,0.00000000
2025-08-11T19:09:34Z,1000.00000000,1000.00000000,0.00000000
2025-08-11T19:09:34Z,1000.00000000,1000.00000000,0.00000000
2025-08-11T19:09:34Z,1000.00000000,1000.00000000,0.00000000
2025-08-11T19:09:34Z,1000.00000000,1000.00000000,0.00000000
2025-08-11T19:09:34Z,1000.00000000,1000.00000000,0.00000000
2025-08-11T19:09:36Z,1000.00000000,1000.00000000,0.00000000
2025-08-11T19:09:36Z,1000.00000000,1000.00000000,0.00000000
2025-08-11T19:09:36Z,1000.00000000,1000.00000000,0.00000000
2025-08-11T19:09:36Z,1000.00000000,1000.00000000,0.00000000
2025-08-11T19:09:36Z,1000.00000000,1000.00000000,0.00000000
2025-08-11T19:09:36Z,1000.00000000,1000.00000000,0.00000000
2025-08-11T19:09:38Z,1000.00000000,1000.00000000,0.00000000
2025-08-11T19:09:38Z,1000.00000000,1000.00000000,0.00000000
2025-08-11T19:09:38Z,1000.00000000,1000.00000000,0.00000000
2025-08-11T19:09:38Z,1000.00000000,1000.00000000,0.00000000
2025-08-11T19:09:40Z,1000.00000000,1000.00000000,0.00000000
2025-08-11T19:09:40Z,1000.00000000,1000.00000000,0.00000000
2025-08-11T19:09:40Z,1000.00000000,1000.00000000,0.00000000
2025-08-11T19:09:40Z,1000.00000000,1000.00000000,0.00000000
2025-08-11T19:09:40Z,1000.00000000,1000.00000000,0.00000000
2025-08-11T19:09:40Z,1000.00000000,1000.00000000,0.00000000
2025-08-11T19:09:42Z,1000.00000000,1000.00000000,0.00000000
2025-08-11T19:09:42Z,1000.00000000,1000.00000000,0.00000000
2025-08-11T19:09:42Z,1000.00000000,1000.00000000,0.00000000
2025-08-11T19:09:42Z,1000.00000000,1000.00000000,0.00000000
2025-08-11T19:09:42Z,1000.00000000,1000.00000000,0.00000000
2025-08-11T19:09:42Z,1000.00000000,1000.00000000,0.00000000
2025-08-11T19:09:44Z,1000.00000000,1000.00000000,0.00000000
2025-08-11T19:09:44Z,1000.00000000,1000.00000000,0.00000000
2025-08-11T19:09:44Z,1000.00000000,1000.00000000,0.00000000
2025-08-11T19:09:44Z,1000.00000000,1000.00000000,0.00000000
2025-08-11T19:09:44Z,1000.00000000,1000.00000000,0.00000000
2025-08-11T19:09:44Z,1000.00000000,1000.00000000,0.00000000
2025-08-11T19:09:46Z,1000.00000000,1000.00000000,0.00000000
2025-08-11T19:09:46Z,1000.00000000,1000.00000000,0.00000000
2025-08-11T19:09:46Z,1000.00000000,1000.00000000,0.00000000
2025-08-11T19:09:46Z,1000.00000000,1000.00000000,0.00000000
2025-08-11T19:09:46Z,1000.00000000,1000.00000000,0.00000000
2025-08-11T19:09:46Z,1000.00000000,1000.00000000,0.00000000
2025-08-11T19:09:48Z,1000.00000000,1000.00000000,0.00000000
2025-08-11T19:09:48Z,1000.00000000,1000.00000000,0.00000000
2025-08-11T19:09:48Z,1000.00000000,1000.00000000,0.00000000
2025-08-11T19:09:48Z,1000.00000000,1000.00000000,0.00000000
2025-08-11T19:09:48Z,1000.00000000,1000.00000000,0.00000000
2025-08-11T19:09:48Z,1000.00000000,1000.00000000,0.00000000
2025-08-11T19:09:50Z,1000.00000000,1000.00000000,0.00000000
2025-08-11T19:09:50Z,1000.00000000,1000.00000000,0.00000000
2025-08-11T19:09:50Z,1000.00000000,1000.00000000,0.00000000
2025-08-11T19:09:50Z,1000.00000000,1000.00000000,0.00000000
2025-08-11T19:09:50Z,1000.00000000,1000.00000000,0.00000000
2025-08-11T19:09:50Z,1000.00000000,1000.00000000,0.00000000
2025-08-11T19:09:52Z,1000.00000000,1000.00000000,0.00000000
2025-08-11T19:09:52Z,1000.00000000,1000.00000000,0.00000000
2025-08-11T19:09:52Z,1000.00000000,1000.00000000,0.00000000
2025-08-11T19:09:52Z,1000.00000000,1000.00000000,0.00000000
2025-08-11T19:09:52Z,1000.00000000,1000.00000000,0.00000000
2025-08-11T19:09:52Z,1000.00000000,1000.00000000,0.00000000
2025-08-11T19:09:54Z,1000.00000000,1000.00000000,0.00000000
2025-08-11T19:09:54Z,1000.00000000,1000.00000000,0.00000000
2025-08-11T19:09:54Z,1000.00000000,1000.00000000,0.00000000
2025-08-11T19:09:54Z,1000.00000000,1000.00000000,0.00000000
2025-08-11T19:09:54Z,1000.00000000,1000.00000000,0.00000000
2025-08-11T19:09:54Z,1000.00000000,1000.00000000,0.00000000
2025-08-11T19:09:56Z,1000.00000000,1000.00000000,0.00000000
2025-08-11T19:09:56Z,1000.00000000,1000.00000000,0.00000000
2025-08-11T19:09:56Z,1000.00000000,1000.00000000,0.00000000
2025-08-11T19:09:56Z,1000.00000000,1000.00000000,0.00000000
2025-08-11T19:09:56Z,1000.00000000,1000.00000000,0.00000000
2025-08-11T19:09:56Z,1000.00000000,1000.00000000,0.00000000
2025-08-11T19:09:58Z,1000.00000000,1000.00000000,0.00000000
2025-08-11T19:09:58Z,1000.00000000,1000.00000000,0.00000000
2025-08-11T19:09:58Z,1000.00000000,1000.00000000,0.00000000
2025-08-11T19:09:58Z,1000.00000000,1000.00000000,0.00000000
2025-08-11T19:09:58Z,1000.00000000,1000.00000000,0.00000000
2025-08-11T19:09:58Z,1000.00000000,1000.00000000,0.00000000
2025-08-11T19:10:00Z,1000.00000000,1000.00000000,0.00000000
2025-08-11T19:10:00Z,1000.00000000,1000.00000000,0.00000000
2025-08-11T19:10:00Z,1000.00000000,1000.00000000,0.00000000
2025-08-11T19:10:00Z,1000.00000000,1000.00000000,0.00000000
2025-08-11T19:10:00Z,1000.00000000,1000.00000000,0.00000000
2025-08-11T19:10:00Z,1000.00000000,1000.00000000,0.00000000
2025-08-11T19:10:02Z,1000.00000000,1000.00000000,0.00000000
2025-08-11T19:10:02Z,1000.00000000,1000.00000000,0.00000000
2025-08-11T19:10:02Z,1000.00000000,1000.00000000,0.00000000
2025-08-11T19:10:02Z,1000.00000000,1000.00000000,0.00000000
2025-08-11T19:10:04Z,1000.00000000,1000.00000000,0.00000000
2025-08-11T19:10:04Z,1000.00000000,1000.00000000,0.00000000
2025-08-11T19:10:04Z,1000.00000000,1000.00000000,0.00000000
2025-08-11T19:10:04Z,1000.00000000,1000.00000000,0.00000000
2025-08-11T19:10:04Z,1000.00000000,1000.00000000,0.00000000
2025-08-11T19:10:04Z,1000.00000000,1000.00000000,0.00000000
2025-08-11T19:10:06Z,1000.00000000,1000.00000000,0.00000000
2025-08-11T19:10:06Z,1000.00000000,1000.00000000,0.00000000
2025-08-11T19:10:06Z,1000.00000000,1000.00000000,0.00000000
2025-08-11T19:10:06Z,1000.00000000,1000.00000000,0.00000000
2025-08-11T19:10:06Z,1000.00000000,1000.00000000,0.00000000
2025-08-11T19:10:06Z,1000.00000000,1000.00000000,0.00000000
2025-08-11T19:10:08Z,1000.00000000,1000.00000000,0.00000000
2025-08-11T19:10:08Z,1000.00000000,1000.00000000,0.00000000
2025-08-11T19:10:08Z,1000.00000000,1000.00000000,0.00000000
2025-08-11T19:10:08Z,1000.00000000,1000.00000000,0.00000000
2025-08-11T19:10:08Z,1000.00000000,1000.00000000,0.00000000
2025-08-11T19:10:08Z,1000.00000000,1000.00000000,0.00000000
2025-08-11T19:10:10Z,1000.00000000,1000.00000000,0.00000000
2025-08-11T19:10:10Z,1000.00000000,1000.00000000,0.00000000
2025-08-11T19:10:10Z,1000.00000000,1000.00000000,0.00000000
2025-08-11T19:10:10Z,1000.00000000,1000.00000000,0.00000000
2025-08-11T19:10:10Z,1000.00000000,1000.00000000,0.00000000
2025-08-11T19:10:10Z,1000.00000000,1000.00000000,0.00000000
2025-08-11T19:10:12Z,1000.00000000,1000.00000000,0.00000000
2025-08-11T19:10:12Z,1000.00000000,1000.00000000,0.00000000
2025-08-11T19:10:12Z,1000.00000000,1000.00000000,0.00000000
2025-08-11T19:10:12Z,1000.00000000,1000.00000000,0.00000000
2025-08-11T19:10:12Z,1000.00000000,1000.00000000,0.00000000
2025-08-11T19:10:12Z,1000.00000000,1000.00000000,0.00000000
2025-08-11T19:10:14Z,1000.00000000,1000.00000000,0.00000000
2025-08-11T19:10:14Z,1000.00000000,1000.00000000,0.00000000
2025-08-11T19:10:14Z,1000.00000000,1000.00000000,0.00000000
2025-08-11T19:10:14Z,1000.00000000,1000.00000000,0.00000000
2025-08-11T19:10:14Z,1000.00000000,1000.00000000,0.00000000
2025-08-11T19:10:14Z,1000.00000000,1000.00000000,0.00000000
2025-08-11T19:10:16Z,1000.00000000,1000.00000000,0.00000000
2025-08-11T19:10:16Z,1000.00000000,1000.00000000,0.00000000
2025-08-11T19:10:16Z,1000.00000000,1000.00000000,0.00000000
2025-08-11T19:10:16Z,1000.00000000,1000.00000000,0.00000000
2025-08-11T19:10:16Z,1000.00000000,1000.00000000,0.00000000
2025-08-11T19:10:16Z,1000.00000000,1000.00000000,0.00000000
2025-08-11T19:10:18Z,1000.00000000,1000.00000000,0.00000000
2025-08-11T19:10:18Z,1000.00000000,1000.00000000,0.00000000
2025-08-11T19:10:18Z,1000.00000000,1000.00000000,0.00000000
2025-08-11T19:10:18Z,1000.00000000,1000.00000000,0.00000000
2025-08-11T19:10:18Z,1000.00000000,1000.00000000,0.00000000
2025-08-11T19:10:18Z,1000.00000000,1000.00000000,0.00000000
2025-08-11T19:10:20Z,1000.00000000,1000.00000000,0.00000000
2025-08-11T19:10:20Z,1000.00000000,1000.00000000,0.00000000
2025-08-11T19:10:20Z,1000.00000000,1000.00000000,0.00000000
2025-08-11T19:10:20Z,1000.00000000,1000.00000000,0.00000000
2025-08-11T19:10:20Z,1000.00000000,1000.00000000,0.00000000
2025-08-11T19:10:20Z,1000.00000000,1000.00000000,0.00000000
2025-08-11T19:10:22Z,1000.00000000,1000.00000000,0.00000000
2025-08-11T19:10:22Z,1000.00000000,1000.00000000,0.00000000
2025-08-11T19:10:22Z,1000.00000000,1000.00000000,0.00000000
2025-08-11T19:10:22Z,1000.00000000,1000.00000000,0.00000000
2025-08-11T19:10:22Z,1000.00000000,1000.00000000,0.00000000
2025-08-11T19:10:22Z,1000.00000000,1000.00000000,0.00000000
2025-08-11T19:10:24Z,1000.00000000,1000.00000000,0.00000000
2025-08-11T19:10:24Z,1000.00000000,1000.00000000,0.00000000
2025-08-11T19:10:24Z,1000.00000000,1000.00000000,0.00000000
2025-08-11T19:10:24Z,1000.00000000,1000.00000000,0.00000000
2025-08-11T19:10:24Z,1000.00000000,1000.00000000,0.00000000
2025-08-11T19:10:24Z,1000.00000000,1000.00000000,0.00000000
2025-08-11T19:10:26Z,1000.00000000,1000.00000000,0.00000000
2025-08-11T19:10:26Z,1000.00000000,1000.00000000,0.00000000
2025-08-11T19:10:26Z,1000.00000000,1000.00000000,0.00000000
2025-08-11T19:10:26Z,1000.00000000,1000.00000000,0.00000000
2025-08-11T19:10:26Z,1000.00000000,1000.00000000,0.00000000
2025-08-11T19:10:26Z,1000.00000000,1000.00000000,0.00000000
2025-08-11T19:10:28Z,1000.00000000,1000.00000000,0.00000000
2025-08-11T19:10:28Z,1000.00000000,1000.00000000,0.00000000
2025-08-11T19:10:28Z,1000.00000000,1000.00000000,0.00000000
2025-08-11T19:10:28Z,1000.00000000,1000.00000000,0.00000000
2025-08-11T19:10:28Z,1000.00000000,1000.00000000,0.00000000
2025-08-11T19:10:28Z,1000.00000000,1000.00000000,0.00000000
2025-08-11T19:10:30Z,1000.00000000,1000.00000000,0.00000000
2025-08-11T19:10:30Z,1000.00000000,1000.00000000,0.00000000
2025-08-11T19:10:30Z,1000.00000000,1000.00000000,0.00000000
2025-08-11T19:10:30Z,1000.00000000,1000.00000000,0.00000000
2025-08-11T19:10:30Z,1000.00000000,1000.00000000,0.00000000
2025-08-11T19:10:30Z,1000.00000000,1000.00000000,0.00000000
2025-08-11T19:10:32Z,1000.00000000,1000.00000000,0.00000000
2025-08-11T19:10:32Z,1000.00000000,1000.00000000,0.00000000
2025-08-11T19:10:32Z,1000.00000000,1000.00000000,0.00000000
2025-08-11T19:10:32Z,1000.00000000,1000.00000000,0.00000000
2025-08-11T19:10:32Z,1000.00000000,1000.00000000,0.00000000
2025-08-11T19:10:32Z,1000.00000000,1000.00000000,0.00000000
2025-08-11T19:10:34Z,1000.00000000,1000.00000000,0.00000000
2025-08-11T19:10:34Z,1000.00000000,1000.00000000,0.00000000
2025-08-11T19:10:34Z,1000.00000000,1000.00000000,0.00000000
2025-08-11T19:10:34Z,1000.00000000,1000.00000000,0.00000000
2025-08-11T19:10:34Z,1000.00000000,1000.00000000,0.00000000
2025-08-11T19:10:34Z,1000.00000000,1000.00000000,0.00000000
2025-08-11T19:10:36Z,1000.00000000,1000.00000000,0.00000000
2025-08-11T19:10:36Z,1000.00000000,1000.00000000,0.00000000
2025-08-11T19:10:36Z,1000.00000000,1000.00000000,0.00000000
2025-08-11T19:10:36Z,1000.00000000,1000.00000000,0.00000000
2025-08-11T19:10:36Z,1000.00000000,1000.00000000,0.00000000
2025-08-11T19:10:36Z,1000.00000000,1000.00000000,0.00000000
2025-08-11T19:10:38Z,1000.00000000,1000.00000000,0.00000000
2025-08-11T19:10:38Z,1000.00000000,1000.00000000,0.00000000
2025-08-11T19:10:38Z,1000.00000000,1000.00000000,0.00000000
2025-08-11T19:10:38Z,1000.00000000,1000.00000000,0.00000000
2025-08-11T19:10:38Z,1000.00000000,1000.00000000,0.00000000
2025-08-11T19:10:38Z,1000.00000000,1000.00000000,0.00000000
2025-08-11T19:10:40Z,1000.00000000,1000.00000000,0.00000000
2025-08-11T19:10:40Z,1000.00000000,1000.00000000,0.00000000
2025-08-11T19:10:40Z,1000.00000000,1000.00000000,0.00000000
2025-08-11T19:10:40Z,1000.00000000,1000.00000000,0.00000000
2025-08-11T19:10:40Z,1000.00000000,1000.00000000,0.00000000
2025-08-11T19:10:40Z,1000.00000000,1000.00000000,0.00000000
2025-08-11T19:10:42Z,1000.00000000,1000.00000000,0.00000000
2025-08-11T19:10:42Z,1000.00000000,1000.00000000,0.00000000
2025-08-11T19:10:42Z,1000.00000000,1000.00000000,0.00000000
2025-08-11T19:10:42Z,1000.00000000,1000.00000000,0.00000000
2025-08-11T19:10:42Z,1000.00000000,1000.00000000,0.00000000
2025-08-11T19:10:42Z,1000.00000000,1000.00000000,0.00000000
2025-08-11T19:10:44Z,1000.00000000,1000.00000000,0.00000000
2025-08-11T19:10:44Z,1000.00000000,1000.00000000,0.00000000
2025-08-11T19:10:44Z,1000.00000000,1000.00000000,0.00000000
2025-08-11T19:10:44Z,1000.00000000,1000.00000000,0.00000000
2025-08-11T19:10:44Z,1000.00000000,1000.00000000,0.00000000
2025-08-11T19:10:44Z,1000.00000000,1000.00000000,0.00000000
2025-08-11T19:10:46Z,1000.00000000,1000.00000000,0.00000000
2025-08-11T19:10:46Z,1000.00000000,1000.00000000,0.00000000
2025-08-11T19:10:46Z,1000.00000000,1000.00000000,0.00000000
2025-08-11T19:10:46Z,1000.00000000,1000.00000000,0.00000000
2025-08-11T19:10:48Z,1000.00000000,1000.00000000,0.00000000
2025-08-11T19:10:48Z,1000.00000000,1000.00000000,0.00000000
2025-08-11T19:10:48Z,1000.00000000,1000.00000000,0.00000000
2025-08-11T19:10:48Z,1000.00000000,1000.00000000,0.00000000
2025-08-11T19:10:48Z,1000.00000000,1000.00000000,0.00000000
2025-08-11T19:10:48Z,1000.00000000,1000.00000000,0.00000000
2025-08-11T19:10:50Z,1000.00000000,1000.00000000,0.00000000
2025-08-11T19:10:50Z,1000.00000000,1000.00000000,0.00000000
2025-08-11T19:10:50Z,1000.00000000,1000.00000000,0.00000000
2025-08-11T19:10:50Z,1000.00000000,1000.00000000,0.00000000
2025-08-11T19:10:50Z,1000.00000000,1000.00000000,0.00000000
2025-08-11T19:10:50Z,1000.00000000,1000.00000000,0.00000000
2025-08-11T19:10:52Z,1000.00000000,1000.00000000,0.00000000
2025-08-11T19:10:52Z,1000.00000000,1000.00000000,0.00000000
2025-08-11T19:10:52Z,1000.00000000,1000.00000000,0.00000000
2025-08-11T19:10:52Z,1000.00000000,1000.00000000,0.00000000
2025-08-11T19:10:52Z,1000.00000000,1000.00000000,0.00000000
2025-08-11T19:10:52Z,1000.00000000,1000.00000000,0.00000000
2025-08-11T19:10:54Z,1000.00000000,1000.00000000,0.00000000
2025-08-11T19:10:54Z,1000.00000000,1000.00000000,0.00000000
2025-08-11T19:10:54Z,1000.00000000,1000.00000000,0.00000000
2025-08-11T19:10:54Z,1000.00000000,1000.00000000,0.00000000
2025-08-11T19:10:54Z,1000.00000000,1000.00000000,0.00000000
2025-08-11T19:10:54Z,1000.00000000,1000.00000000,0.00000000
2025-08-11T19:10:56Z,1000.00000000,1000.00000000,0.00000000
2025-08-11T19:10:56Z,1000.00000000,1000.00000000,0.00000000
2025-08-11T19:10:56Z,1000.00000000,1000.00000000,0.00000000
2025-08-11T19:10:56Z,1000.00000000,1000.00000000,0.00000000
2025-08-11T19:10:56Z,1000.00000000,1000.00000000,0.00000000
2025-08-11T19:10:56Z,1000.00000000,1000.00000000,0.00000000
2025-08-11T19:10:58Z,1000.00000000,1000.00000000,0.00000000
2025-08-11T19:10:58Z,1000.00000000,1000.00000000,0.00000000
2025-08-11T19:10:58Z,1000.00000000,1000.00000000,0.00000000
2025-08-11T19:10:58Z,1000.00000000,1000.00000000,0.00000000
2025-08-11T19:10:58Z,1000.00000000,1000.00000000,0.00000000
2025-08-11T19:10:58Z,1000.00000000,1000.00000000,0.00000000
2025-08-11T19:11:00Z,1000.00000000,1000.00000000,0.00000000
2025-08-11T19:11:00Z,1000.00000000,1000.00000000,0.00000000
2025-08-11T19:11:00Z,1000.00000000,1000.00000000,0.00000000
2025-08-11T19:11:00Z,1000.00000000,1000.00000000,0.00000000
2025-08-11T19:11:00Z,1000.00000000,1000.00000000,0.00000000
2025-08-11T19:11:00Z,1000.00000000,1000.00000000,0.00000000
2025-08-11T19:11:02Z,1000.00000000,1000.00000000,0.00000000
2025-08-11T19:11:02Z,1000.00000000,1000.00000000,0.00000000
2025-08-11T19:11:02Z,1000.00000000,1000.00000000,0.00000000
2025-08-11T19:11:02Z,1000.00000000,1000.00000000,0.00000000
2025-08-11T19:11:02Z,1000.00000000,1000.00000000,0.00000000
2025-08-11T19:11:02Z,1000.00000000,1000.00000000,0.00000000
2025-08-11T19:11:04Z,1000.00000000,1000.00000000,0.00000000
2025-08-11T19:11:04Z,1000.00000000,1000.00000000,0.00000000
2025-08-11T19:11:04Z,1000.00000000,1000.00000000,0.00000000
2025-08-11T19:11:04Z,1000.00000000,1000.00000000,0.00000000
2025-08-11T19:11:04Z,1000.00000000,1000.00000000,0.00000000
2025-08-11T19:11:04Z,1000.00000000,1000.00000000,0.00000000
2025-08-11T19:11:06Z,1000.00000000,1000.00000000,0.00000000
2025-08-11T19:11:06Z,1000.00000000,1000.00000000,0.00000000
2025-08-11T19:11:06Z,1000.00000000,1000.00000000,0.00000000
2025-08-11T19:11:06Z,1000.00000000,1000.00000000,0.00000000
2025-08-11T19:11:06Z,1000.00000000,1000.00000000,0.00000000
2025-08-11T19:11:06Z,1000.00000000,1000.00000000,0.00000000
2025-08-11T19:11:22Z,1000.00000000,1000.00000000,0.00000000
2025-08-11T19:11:22Z,1000.00000000,1000.00000000,0.00000000
2025-08-11T19:11:22Z,1000.00000000,1000.00000000,0.00000000
2025-08-11T19:11:22Z,1000.00000000,1000.00000000,0.00000000
2025-08-11T19:11:22Z,1000.00000000,1000.00000000,0.00000000
2025-08-11T19:11:22Z,1000.00000000,1000.00000000,0.00000000
2025-08-11T19:11:24Z,1000.00000000,1000.00000000,0.00000000
2025-08-11T19:11:24Z,1000.00000000,1000.00000000,0.00000000
2025-08-11T19:11:24Z,1000.00000000,1000.00000000,0.00000000
2025-08-11T19:11:24Z,1000.00000000,1000.00000000,0.00000000
2025-08-11T19:11:24Z,1000.00000000,1000.00000000,0.00000000
2025-08-11T19:11:24Z,1000.00000000,1000.00000000,0.00000000
2025-08-11T19:11:26Z,1000.00000000,1000.00000000,0.00000000
2025-08-11T19:11:26Z,1000.00000000,1000.00000000,0.00000000
2025-08-11T19:11:26Z,1000.00000000,1000.00000000,0.00000000
2025-08-11T19:11:26Z,1000.00000000,1000.00000000,0.00000000
2025-08-11T19:11:26Z,1000.00000000,1000.00000000,0.00000000
2025-08-11T19:11:26Z,1000.00000000,1000.00000000,0.00000000
2025-08-11T19:11:28Z,1000.00000000,1000.00000000,0.00000000
2025-08-11T19:11:28Z,1000.00000000,1000.00000000,0.00000000
2025-08-11T19:11:28Z,1000.00000000,1000.00000000,0.00000000
2025-08-11T19:11:28Z,1000.00000000,1000.00000000,0.00000000
2025-08-11T19:11:28Z,1000.00000000,1000.00000000,0.00000000
2025-08-11T19:11:28Z,1000.00000000,1000.00000000,0.00000000
2025-08-11T19:11:30Z,1000.00000000,1000.00000000,0.00000000
2025-08-11T19:11:30Z,1000.00000000,1000.00000000,0.00000000
2025-08-11T19:11:30Z,1000.00000000,1000.00000000,0.00000000
2025-08-11T19:11:30Z,1000.00000000,1000.00000000,0.00000000
2025-08-11T19:11:32Z,1000.00000000,1000.00000000,0.00000000
2025-08-11T19:11:32Z,1000.00000000,1000.00000000,0.00000000
2025-08-11T19:11:32Z,1000.00000000,1000.00000000,0.00000000
2025-08-11T19:11:32Z,1000.00000000,1000.00000000,0.00000000
2025-08-11T19:11:32Z,1000.00000000,1000.00000000,0.00000000
2025-08-11T19:11:32Z,1000.00000000,1000.00000000,0.00000000
2025-08-11T19:11:34Z,1000.00000000,1000.00000000,0.00000000
2025-08-11T19:11:34Z,1000.00000000,1000.00000000,0.00000000
2025-08-11T19:11:34Z,1000.00000000,1000.00000000,0.00000000
2025-08-11T19:11:34Z,1000.00000000,1000.00000000,0.00000000
2025-08-11T19:11:34Z,1000.00000000,1000.00000000,0.00000000
2025-08-11T19:11:34Z,1000.00000000,1000.00000000,0.00000000
2025-08-11T19:11:36Z,1000.00000000,1000.00000000,0.00000000
2025-08-11T19:11:36Z,1000.00000000,1000.00000000,0.00000000
2025-08-11T19:11:36Z,1000.00000000,1000.00000000,0.00000000
2025-08-11T19:11:36Z,1000.00000000,1000.00000000,0.00000000
2025-08-11T19:11:36Z,1000.00000000,1000.00000000,0.00000000
2025-08-11T19:11:36Z,1000.00000000,1000.00000000,0.00000000
2025-08-11T19:11:38Z,1000.00000000,1000.00000000,0.00000000
2025-08-11T19:11:38Z,1000.00000000,1000.00000000,0.00000000
2025-08-11T19:11:38Z,1000.00000000,1000.00000000,0.00000000
2025-08-11T19:11:38Z,1000.00000000,1000.00000000,0.00000000
2025-08-11T19:11:38Z,1000.00000000,1000.00000000,0.00000000
2025-08-11T19:11:38Z,1000.00000000,1000.00000000,0.00000000
2025-08-11T19:11:40Z,1000.00000000,1000.00000000,0.00000000
2025-08-11T19:11:40Z,1000.00000000,1000.00000000,0.00000000
2025-08-11T19:11:40Z,1000.00000000,1000.00000000,0.00000000
2025-08-11T19:11:40Z,1000.00000000,1000.00000000,0.00000000
2025-08-11T19:11:40Z,1000.00000000,1000.00000000,0.00000000
2025-08-11T19:11:40Z,1000.00000000,1000.00000000,0.00000000
2025-08-11T19:11:42Z,1000.00000000,1000.00000000,0.00000000
2025-08-11T19:11:42Z,1000.00000000,1000.00000000,0.00000000
2025-08-11T19:11:42Z,1000.00000000,1000.00000000,0.00000000
2025-08-11T19:11:42Z,1000.00000000,1000.00000000,0.00000000
2025-08-11T19:11:42Z,1000.00000000,1000.00000000,0.00000000
2025-08-11T19:11:42Z,1000.00000000,1000.00000000,0.00000000
2025-08-11T19:11:44Z,1000.00000000,1000.00000000,0.00000000
2025-08-11T19:11:44Z,1000.00000000,1000.00000000,0.00000000
2025-08-11T19:11:44Z,1000.00000000,1000.00000000,0.00000000
2025-08-11T19:11:44Z,1000.00000000,1000.00000000,0.00000000
2025-08-11T19:11:44Z,1000.00000000,1000.00000000,0.00000000
2025-08-11T19:11:44Z,1000.00000000,1000.00000000,0.00000000
2025-08-11T19:11:46Z,1000.00000000,1000.00000000,0.00000000
2025-08-11T19:11:46Z,1000.00000000,1000.00000000,0.00000000
2025-08-11T19:11:46Z,1000.00000000,1000.00000000,0.00000000
2025-08-11T19:11:46Z,1000.00000000,1000.00000000,0.00000000
2025-08-11T19:11:46Z,1000.00000000,1000.00000000,0.00000000
2025-08-11T19:11:46Z,1000.00000000,1000.00000000,0.00000000
2025-08-11T19:11:48Z,1000.00000000,1000.00000000,0.00000000
2025-08-11T19:11:48Z,1000.00000000,1000.00000000,0.00000000
2025-08-11T19:11:48Z,1000.00000000,1000.00000000,0.00000000
2025-08-11T19:11:48Z,1000.00000000,1000.00000000,0.00000000
2025-08-11T19:11:48Z,1000.00000000,1000.00000000,0.00000000
2025-08-11T19:11:48Z,1000.00000000,1000.00000000,0.00000000
2025-08-11T19:11:50Z,1000.00000000,1000.00000000,0.00000000
2025-08-11T19:11:50Z,1000.00000000,1000.00000000,0.00000000
2025-08-11T19:11:50Z,1000.00000000,1000.00000000,0.00000000
2025-08-11T19:11:50Z,1000.00000000,1000.00000000,0.00000000
2025-08-11T19:11:50Z,1000.00000000,1000.00000000,0.00000000
2025-08-11T19:11:50Z,1000.00000000,1000.00000000,0.00000000
2025-08-11T19:11:52Z,1000.00000000,1000.00000000,0.00000000
2025-08-11T19:11:52Z,1000.00000000,1000.00000000,0.00000000
2025-08-11T19:11:52Z,1000.00000000,1000.00000000,0.00000000
2025-08-11T19:11:52Z,1000.00000000,1000.00000000,0.00000000
2025-08-11T19:11:52Z,1000.00000000,1000.00000000,0.00000000
2025-08-11T19:11:52Z,1000.00000000,1000.00000000,0.00000000
2025-08-11T19:11:54Z,1000.00000000,1000.00000000,0.00000000
2025-08-11T19:11:54Z,1000.00000000,1000.00000000,0.00000000
2025-08-11T19:11:54Z,1000.00000000,1000.00000000,0.00000000
2025-08-11T19:11:54Z,1000.00000000,1000.00000000,0.00000000
2025-08-11T19:11:54Z,1000.00000000,1000.00000000,0.00000000
2025-08-11T19:11:54Z,1000.00000000,1000.00000000,0.00000000
2025-08-11T19:11:56Z,1000.00000000,1000.00000000,0.00000000
2025-08-11T19:11:56Z,1000.00000000,1000.00000000,0.00000000
2025-08-11T19:11:56Z,1000.00000000,1000.00000000,0.00000000
2025-08-11T19:11:56Z,1000.00000000,1000.00000000,0.00000000
2025-08-11T19:11:56Z,1000.00000000,1000.00000000,0.00000000
2025-08-11T19:11:56Z,1000.00000000,1000.00000000,0.00000000
2025-08-11T19:11:58Z,1000.00000000,1000.00000000,0.00000000
2025-08-11T19:11:58Z,1000.00000000,1000.00000000,0.00000000
2025-08-11T19:11:58Z,1000.00000000,1000.00000000,0.00000000
2025-08-11T19:11:58Z,1000.00000000,1000.00000000,0.00000000
2025-08-11T19:11:58Z,1000.00000000,1000.00000000,0.00000000
2025-08-11T19:11:58Z,1000.00000000,1000.00000000,0.00000000
2025-08-11T19:12:00Z,1000.00000000,1000.00000000,0.00000000
2025-08-11T19:12:00Z,1000.00000000,1000.00000000,0.00000000
2025-08-11T19:12:00Z,1000.00000000,1000.00000000,0.00000000
2025-08-11T19:12:00Z,1000.00000000,1000.00000000,0.00000000
2025-08-11T19:12:00Z,1000.00000000,1000.00000000,0.00000000
2025-08-11T19:12:00Z,1000.00000000,1000.00000000,0.00000000
2025-08-11T19:12:02Z,1000.00000000,1000.00000000,0.00000000
2025-08-11T19:12:02Z,1000.00000000,1000.00000000,0.00000000
2025-08-11T19:12:02Z,1000.00000000,1000.00000000,0.00000000
2025-08-11T19:12:02Z,1000.00000000,1000.00000000,0.00000000
2025-08-11T19:12:02Z,1000.00000000,1000.00000000,0.00000000
2025-08-11T19:12:02Z,1000.00000000,1000.00000000,0.00000000
2025-08-11T19:12:04Z,1000.00000000,1000.00000000,0.00000000
2025-08-11T19:12:04Z,1000.00000000,1000.00000000,0.00000000
2025-08-11T19:12:04Z,1000.00000000,1000.00000000,0.00000000
2025-08-11T19:12:04Z,1000.00000000,1000.00000000,0.00000000
2025-08-11T19:12:04Z,1000.00000000,1000.00000000,0.00000000
2025-08-11T19:12:04Z,1000.00000000,1000.00000000,0.00000000
2025-08-11T19:12:06Z,1000.00000000,1000.00000000,0.00000000
2025-08-11T19:12:06Z,1000.00000000,1000.00000000,0.00000000
2025-08-11T19:12:06Z,1000.00000000,1000.00000000,0.00000000
2025-08-11T19:12:06Z,1000.00000000,1000.00000000,0.00000000
2025-08-11T19:12:06Z,1000.00000000,1000.00000000,0.00000000
2025-08-11T19:12:06Z,1000.00000000,1000.00000000,0.00000000
2025-08-11T19:12:08Z,1000.00000000,1000.00000000,0.00000000
2025-08-11T19:12:08Z,1000.00000000,1000.00000000,0.00000000
2025-08-11T19:12:08Z,1000.00000000,1000.00000000,0.00000000
2025-08-11T19:12:08Z,1000.00000000,1000.00000000,0.00000000
2025-08-11T19:12:08Z,1000.00000000,1000.00000000,0.00000000
2025-08-11T19:12:08Z,1000.00000000,1000.00000000,0.00000000
2025-08-11T19:12:10Z,1000.00000000,1000.00000000,0.00000000
2025-08-11T19:12:10Z,1000.00000000,1000.00000000,0.00000000
2025-08-11T19:12:10Z,1000.00000000,1000.00000000,0.00000000
2025-08-11T19:12:10Z,1000.00000000,1000.00000000,0.00000000
2025-08-11T19:12:10Z,1000.00000000,1000.00000000,0.00000000
2025-08-11T19:12:10Z,1000.00000000,1000.00000000,0.00000000
2025-08-11T19:12:12Z,1000.00000000,1000.00000000,0.00000000
2025-08-11T19:12:12Z,1000.00000000,1000.00000000,0.00000000
2025-08-11T19:12:12Z,1000.00000000,1000.00000000,0.00000000
2025-08-11T19:12:12Z,1000.00000000,1000.00000000,0.00000000
2025-08-11T19:12:12Z,1000.00000000,1000.00000000,0.00000000
2025-08-11T19:12:12Z,1000.00000000,1000.00000000,0.00000000
2025-08-11T19:12:14Z,1000.00000000,1000.00000000,0.00000000
2025-08-11T19:12:14Z,1000.00000000,1000.00000000,0.00000000
2025-08-11T19:12:14Z,1000.00000000,1000.00000000,0.00000000
2025-08-11T19:12:14Z,1000.00000000,1000.00000000,0.00000000
2025-08-11T19:12:14Z,1000.00000000,1000.00000000,0.00000000
2025-08-11T19:12:14Z,1000.00000000,1000.00000000,0.00000000
2025-08-11T19:12:16Z,1000.00000000,1000.00000000,0.00000000
2025-08-11T19:12:16Z,1000.00000000,1000.00000000,0.00000000
2025-08-11T19:12:16Z,1000.00000000,1000.00000000,0.00000000
2025-08-11T19:12:16Z,1000.00000000,1000.00000000,0.00000000
2025-08-11T19:12:16Z,1000.00000000,1000.00000000,0.00000000
2025-08-11T19:12:16Z,1000.00000000,1000.00000000,0.00000000
2025-08-11T19:16:38Z,1000.00000000,1000.00000000,0.00000000
2025-08-11T19:16:38Z,1000.00000000,1000.00000000,0.00000000
2025-08-11T19:16:40Z,1000.00000000,1000.00000000,0.00000000
2025-08-11T19:16:40Z,1000.00000000,1000.00000000,0.00000000
2025-08-11T19:16:40Z,1000.00000000,1000.00000000,0.00000000
2025-08-11T19:16:40Z,1000.00000000,1000.00000000,0.00000000
2025-08-11T19:16:40Z,1000.00000000,1000.00000000,0.00000000
2025-08-11T19:16:40Z,1000.00000000,1000.00000000,0.00000000
2025-08-11T19:16:44Z,1000.00000000,1000.00000000,0.00000000
2025-08-11T19:16:44Z,1000.00000000,1000.00000000,0.00000000
2025-08-11T19:16:46Z,1000.00000000,1000.00000000,0.00000000
2025-08-11T19:16:46Z,1000.00000000,1000.00000000,0.00000000
2025-08-11T19:16:46Z,1000.00000000,1000.00000000,0.00000000
2025-08-11T19:16:46Z,1000.00000000,1000.00000000,0.00000000
2025-08-11T19:16:48Z,1000.00000000,1000.00000000,0.00000000
2025-08-11T19:16:48Z,1000.00000000,1000.00000000,0.00000000
2025-08-11T19:16:50Z,1000.00000000,1000.00000000,0.00000000
2025-08-11T19:16:50Z,1000.00000000,1000.00000000,0.00000000
2025-08-11T19:16:50Z,1000.00000000,1000.00000000,0.00000000
2025-08-11T19:16:50Z,1000.00000000,1000.00000000,0.00000000
2025-08-11T19:16:52Z,1000.00000000,1000.00000000,0.00000000
2025-08-11T19:16:52Z,1000.00000000,1000.00000000,0.00000000
2025-08-11T19:16:52Z,1000.00000000,1000.00000000,0.00000000
2025-08-11T19:16:52Z,1000.00000000,1000.00000000,0.00000000
2025-08-11T19:16:54Z,1000.00000000,1000.00000000,0.00000000
2025-08-11T19:16:54Z,1000.00000000,1000.00000000,0.00000000
